Family,Dataset,Tasks,Run,CompletedCloudlets,Makespan,DegreeOfImbalance,AverageWaitingTime,Throughput,AverageVMUtilization
GoCJ,GoCJ_100,100,1,,,,,,
GoCJ,GoCJ_100,100,2,,,,,,
GoCJ,GoCJ_100,100,3,,,,,,
GoCJ,GoCJ_100,100,Average,,,,,,
GoCJ,GoCJ_200,200,1,,,,,,
GoCJ,GoCJ_200,200,2,,,,,,
GoCJ,GoCJ_200,200,3,,,,,,
GoCJ,GoCJ_200,200,Average,,,,,,
GoCJ,GoCJ_300,300,1,,,,,,
GoCJ,GoCJ_300,300,2,,,,,,
GoCJ,GoCJ_300,300,3,,,,,,
GoCJ,GoCJ_300,300,Average,,,,,,
GoCJ,GoCJ_400,400,1,,,,,,
GoCJ,GoCJ_400,400,2,,,,,,
GoCJ,GoCJ_400,400,3,,,,,,
GoCJ,GoCJ_400,400,Average,,,,,,
GoCJ,GoCJ_500,500,1,,,,,,
GoCJ,GoCJ_500,500,2,,,,,,
GoCJ,GoCJ_500,500,3,,,,,,
GoCJ,GoCJ_500,500,Average,,,,,,
GoCJ,GoCJ_600,600,1,,,,,,
GoCJ,GoCJ_600,600,2,,,,,,
GoCJ,GoCJ_600,600,3,,,,,,
GoCJ,GoCJ_600,600,Average,,,,,,
GoCJ,GoCJ_700,700,1,,,,,,
GoCJ,GoCJ_700,700,2,,,,,,
GoCJ,GoCJ_700,700,3,,,,,,
GoCJ,GoCJ_700,700,Average,,,,,,
GoCJ,GoCJ_800,800,1,,,,,,
GoCJ,GoCJ_800,800,2,,,,,,
GoCJ,GoCJ_800,800,3,,,,,,
GoCJ,GoCJ_800,800,Average,,,,,,
GoCJ,GoCJ_900,900,1,,,,,,
GoCJ,GoCJ_900,900,2,,,,,,
GoCJ,GoCJ_900,900,3,,,,,,
GoCJ,GoCJ_900,900,Average,,,,,,
GoCJ,GoCJ_1000,1000,1,,,,,,
GoCJ,GoCJ_1000,1000,2,,,,,,
GoCJ,GoCJ_1000,1000,3,,,,,,
GoCJ,GoCJ_1000,1000,Average,,,,,,
Synthetic,Synthetic_1000,1000,1,,,,,,
Synthetic,Synthetic_1000,1000,2,,,,,,
Synthetic,Synthetic_1000,1000,3,,,,,,
Synthetic,Synthetic_1000,1000,Average,,,,,,
Synthetic,Synthetic_2000,2000,1,,,,,,
Synthetic,Synthetic_2000,2000,2,,,,,,
Synthetic,Synthetic_2000,2000,3,,,,,,
Synthetic,Synthetic_2000,2000,Average,,,,,,
Synthetic,Synthetic_3000,3000,1,,,,,,
Synthetic,Synthetic_3000,3000,2,,,,,,
Synthetic,Synthetic_3000,3000,3,,,,,,
Synthetic,Synthetic_3000,3000,Average,,,,,,
Synthetic,Synthetic_4000,4000,1,,,,,,
Synthetic,Synthetic_4000,4000,2,,,,,,
Synthetic,Synthetic_4000,4000,3,,,,,,
Synthetic,Synthetic_4000,4000,Average,,,,,,
Synthetic,Synthetic_5000,5000,1,,,,,,
Synthetic,Synthetic_5000,5000,2,,,,,,
Synthetic,Synthetic_5000,5000,3,,,,,,
Synthetic,Synthetic_5000,5000,Average,,,,,,
Synthetic,Synthetic_6000,6000,1,,,,,,
Synthetic,Synthetic_6000,6000,2,,,,,,
Synthetic,Synthetic_6000,6000,3,,,,,,
Synthetic,Synthetic_6000,6000,Average,,,,,,
Synthetic,Synthetic_7000,7000,1,,,,,,
Synthetic,Synthetic_7000,7000,2,,,,,,
Synthetic,Synthetic_7000,7000,3,,,,,,
Synthetic,Synthetic_7000,7000,Average,,,,,,
Synthetic,Synthetic_8000,8000,1,,,,,,
Synthetic,Synthetic_8000,8000,2,,,,,,
Synthetic,Synthetic_8000,8000,3,,,,,,
Synthetic,Synthetic_8000,8000,Average,,,,,,
Synthetic,Synthetic_9000,9000,1,,,,,,
Synthetic,Synthetic_9000,9000,2,,,,,,
Synthetic,Synthetic_9000,9000,3,,,,,,
Synthetic,Synthetic_9000,9000,Average,,,,,,
Synthetic,Synthetic_10000,10000,1,,,,,,
Synthetic,Synthetic_10000,10000,2,,,,,,
Synthetic,Synthetic_10000,10000,3,,,,,,
Synthetic,Synthetic_10000,10000,Average,,,,,,
