Family,Dataset,Tasks,AvgMakespan,AvgWaitingTime,AvgThroughput,AvgDegreeOfImbalance,AvgVMUtilization
GoCJ,GoCJ_100,100,2703.81,1199.316,0.037,20.0,9.9929
GoCJ,GoCJ_200,200,2819.61,1415.346,0.0709,20.0,19.3073
GoCJ,GoCJ_300,300,7612.21,3653.2327,0.0394,20.0,10.9104
GoCJ,GoCJ_400,400,18035.41,7746.8145,0.0222,20.0,5.752
GoCJ,GoCJ_500,500,6573.61,3204.81,0.0761,20.0,19.7765
GoCJ,GoCJ_600,600,15021.41,6734.208,0.0399,20.0,10.9632
GoCJ,GoCJ_700,700,11927.01,5294.5951,0.0587,20.0,14.6715
GoCJ,GoCJ_800,800,27485.21,11212.0375,0.0291,20.0,7.2008
GoCJ,GoCJ_900,900,32757.81,12056.4467,0.0275,20.0,7.3294
GoCJ,GoCJ_1000,1000,22779.81,8748.2664,0.0439,20.0,11.3839
Synthetic,Synthetic_1000,1000,18697.8676,9187.692,0.0535,20.0,19.926
Synthetic,Synthetic_2000,2000,37392.9544,18707.5826,0.0535,20.0,19.9101
Synthetic,Synthetic_3000,3000,55813.8372,27481.9951,0.0538,20.0,19.9544
Synthetic,Synthetic_4000,4000,73713.864,36027.1377,0.0543,20.0,19.9784
Synthetic,Synthetic_5000,5000,92886.0948,46383.4689,0.0538,20.0,19.9953
Synthetic,Synthetic_6000,6000,111503.3932,55737.1555,0.0538,20.0,19.9879
Synthetic,Synthetic_7000,7000,130591.384,65521.7715,0.0536,20.0,19.979
Synthetic,Synthetic_8000,8000,148490.6976,74212.2587,0.0539,20.0,19.9988
Synthetic,Synthetic_9000,9000,166938.2828,82771.7851,0.0539,20.0,19.9948
Synthetic,Synthetic_10000,10000,185179.1696,94672.2837,0.054,20.0,19.993
